"id","category","question","answer","context"
"1","account","How do I reset my password?","You can reset your password by clicking ""Forgot Password"" on the login page and following the email instructions.","The system allows users to reset passwords using email verification for security reasons."
"2","account","How do I update my email address on file?","Go to Account Settings > Profile and edit the email field, then confirm the change via the verification link sent to your new address.","Email changes require confirmation to prevent unauthorized account takeovers."
"3","account","Can I merge two accounts into one?","Currently accounts cannot be merged automatically; contact support with both account emails and we will manually transfer your data.","Account merging is a manual backend process handled by the support team."
"4","account","How do I delete my account permanently?","Go to Account Settings > Privacy > Delete Account and confirm; this action is irreversible and removes all your data within 30 days.","Account deletion follows a 30-day grace period before permanent data removal."
"5","account","Why is my account showing as suspended?","Accounts are usually suspended due to suspicious activity, failed payments, or a violation of terms of service; check your email for the specific reason.","Suspension notices are automatically emailed with the triggering reason code."
"6","account","How do I change my display name?","Navigate to Account Settings > Profile and edit the ""Display Name"" field, then click Save to update it instantly.","Display name changes are reflected across the platform immediately after saving."
"7","account","Is it possible to have multiple users on one account?","Yes, on Business and Enterprise plans you can invite team members under Account Settings > Team Members.","Multi-user access is restricted to higher-tier subscription plans."
"8","billing","Why was I charged twice this month?","Duplicate charges usually occur from a failed payment retry; please contact billing support with your invoice ID for a refund review.","Payment gateways sometimes trigger retry charges when the first attempt is flagged as pending."
"9","billing","How do I update my credit card information?","Go to Billing > Payment Methods and click ""Edit"" next to your current card to enter the new details.","Payment method updates apply to all future billing cycles automatically."
"10","billing","Can I get an invoice for my last payment?","Yes, invoices are available under Billing > Invoice History, where you can download them as PDF files.","Invoices are auto-generated at the time of each successful transaction."
"11","billing","Why did my subscription price increase?","Prices may increase due to plan upgrades, promotional period expiration, or scheduled price changes announced via email in advance.","Pricing changes are communicated at least 30 days before taking effect."
"12","billing","Do you offer annual billing discounts?","Yes, annual billing offers a 15% discount compared to monthly payments, applied automatically at checkout when you select the yearly plan.","Annual discounts are built into the pricing table shown during checkout."
"13","billing","How can I add a VAT number to my invoices?","Go to Billing > Tax Information and enter your VAT number; it will appear on all future invoices.","VAT details are stored separately from payment information for compliance purposes."
"14","billing","What happens if my payment fails?","We retry the payment three times over five days; if it still fails, your account is downgraded to the free plan.","Failed payment handling follows a retry schedule before service restriction."
"15","billing","Can I switch from monthly to yearly billing mid-cycle?","Yes, you can switch anytime in Billing > Subscription, and we will prorate the remaining balance of your current cycle.","Billing cycle switches are prorated to avoid double charging customers."
"16","refunds","How long does a refund take to process?","Refunds typically take 5-7 business days to appear on your original payment method after approval.","Refund processing time depends on the payment provider's settlement schedule."
"17","refunds","Am I eligible for a refund after 30 days?","Refunds are generally only available within 30 days of purchase, though exceptions may be made for service outages or billing errors.","The 30-day window is standard policy across all subscription tiers."
"18","refunds","Can I get a partial refund for an unused subscription period?","Yes, if you cancel mid-cycle we can issue a prorated refund for the unused days upon request.","Prorated refunds are calculated based on daily usage rate of the plan."
"19","refunds","Why was my refund request denied?","Refund requests are denied if the purchase falls outside the eligibility window or violates the no-refund policy for digital downloads.","Digital goods have stricter refund rules due to instant delivery and non-returnability."
"20","refunds","How do I check the status of my refund?","You can track your refund status under Billing > Refund History, which shows real-time updates from processing to completion.","Refund status updates sync with the payment processor's transaction records."
"21","refunds","Can I get a refund if I was charged after cancelling?","Yes, if you were charged after a confirmed cancellation, contact support immediately for a full refund of the erroneous charge.","Post-cancellation charges are treated as billing errors and refunded in full."
"22","orders","How do I track my order?","You can track your order using the tracking link sent to your email, or by visiting Orders > Order History on your account.","Tracking numbers are generated once the order is handed to the shipping carrier."
"23","orders","Can I cancel an order after placing it?","Orders can be cancelled within 1 hour of placement; after that, they enter processing and cannot be cancelled.","The 1-hour window exists before orders are sent to the fulfillment warehouse."
"24","orders","How do I change the shipping address on an existing order?","If the order hasn't shipped yet, go to Order History and click ""Edit Address""; once shipped, the address cannot be changed.","Address edits are only possible before the fulfillment stage begins."
"25","orders","Why is my order still marked as processing?","Orders may stay in processing due to high demand, stock verification, or payment confirmation delays of up to 48 hours.","Processing delays are most common during peak sales periods."
"26","orders","Can I combine two separate orders into one shipment?","Unfortunately, orders placed separately cannot be combined once submitted, even if placed on the same day.","Each order is processed independently through the fulfillment system."
"27","orders","How do I reorder a previous purchase?","Go to Order History, select the past order, and click ""Reorder"" to add the same items to your cart instantly.","The reorder feature copies item details but not the original pricing if prices changed."
"28","orders","What should I do if I received the wrong item?","Contact support with your order number and a photo of the item received; we will arrange a free replacement or refund.","Wrong-item cases are prioritized for expedited resolution."
"29","shipping","How much does standard shipping cost?","Standard shipping costs $4.99 for orders under $50 and is free for orders over $50.","Shipping thresholds are based on the pre-tax order subtotal."
"30","shipping","Do you ship internationally?","Yes, we ship to over 40 countries; international shipping costs and delivery times vary by destination.","International shipping availability is determined by carrier partnerships in each region."
"31","shipping","Why is my package delayed?","Delays can result from weather conditions, customs processing, or high carrier volume during peak seasons.","Shipping carriers provide delay reasons through tracking status updates."
"32","shipping","Can I change my delivery speed after checkout?","Delivery speed can be changed within 2 hours of checkout by contacting support, provided the order hasn't shipped.","Delivery speed changes require manual intervention before warehouse dispatch."
"33","shipping","What happens if my package is marked delivered but I never received it?","Report it to support within 48 hours; we will investigate with the carrier and send a replacement if it's confirmed lost.","Carrier investigations typically take 3-5 business days to resolve."
"34","shipping","Do you offer same-day delivery?","Same-day delivery is available in select metro areas for orders placed before 12 PM local time.","Same-day delivery eligibility is checked automatically based on the shipping zip code."
"35","shipping","How do I get a shipping cost estimate before checkout?","Add items to your cart and enter your zip code on the cart page to see an estimated shipping cost before checkout.","Shipping estimates use real-time rates from our carrier integrations."
"36","login","I can't log in even though my password is correct. What should I do?","Try clearing your browser cache or using incognito mode; if the issue persists, your account may be temporarily locked after failed attempts.","Accounts lock automatically after 5 consecutive failed login attempts for security."
"37","login","Why do I keep getting logged out automatically?","This usually happens due to session timeout settings or if you're logged in on multiple devices simultaneously.","Session timeouts default to 30 minutes of inactivity for security compliance."
"38","login","How do I enable two-factor authentication?","Go to Account Settings > Security and toggle on Two-Factor Authentication, then follow the QR code setup with an authenticator app.","Two-factor authentication adds a second verification layer beyond passwords."
"39","login","I lost access to my two-factor authentication device. How do I log in?","Use one of your saved backup codes to log in, or contact support to verify your identity and reset 2FA.","Backup codes are generated during initial 2FA setup for recovery purposes."
"40","login","Can I log in using Google or Facebook?","Yes, social login is supported; click ""Continue with Google"" or ""Continue with Facebook"" on the login page.","Social login uses OAuth to authenticate without storing a separate password."
"41","login","Why does the login page keep showing an error?","This is often caused by outdated browser cookies or a temporary server issue; refreshing or trying a different browser usually resolves it.","Login errors are logged with error codes visible in browser developer tools."
"42","subscription","How do I cancel my subscription?","Go to Account Settings > Subscription and click ""Cancel Subscription""; you'll retain access until the end of the current billing period.","Cancellations take effect at the end of the paid period, not immediately."
"43","subscription","Can I pause my subscription instead of cancelling?","Yes, the Pause option under Subscription Settings lets you freeze billing for up to 3 months.","Pausing retains your account data while temporarily halting charges."
"44","subscription","What's the difference between the Pro and Premium plans?","The Pro plan includes core features for individuals, while Premium adds team collaboration, priority support, and advanced analytics.","Plan comparisons are detailed on the pricing page under Features Comparison."
"45","subscription","Will I lose my data if I downgrade my plan?","Your data is retained, but some features may become inaccessible if they exceed the limits of your new plan.","Downgrades restrict feature access rather than deleting existing data."
"46","subscription","How do I upgrade my subscription mid-cycle?","Go to Subscription Settings, select the new plan, and the price difference will be prorated and charged immediately.","Upgrades take effect instantly with prorated billing adjustments."
"47","subscription","Does my subscription auto-renew?","Yes, all subscriptions auto-renew by default unless cancelled at least 24 hours before the renewal date.","Auto-renewal is standard across monthly and annual subscription plans."
"48","subscription","Can I get a free trial extension?","Trial extensions are occasionally granted for technical issues; contact support with details to request one.","Trial extensions are handled case-by-case rather than automatically."
"49","technical_support","The app keeps crashing on my phone. What should I do?","Try updating to the latest app version, restarting your device, and clearing the app cache before reopening.","App crashes are frequently resolved by updating to the latest patched release."
"50","technical_support","Why is the website loading so slowly?","Slow loading can be caused by browser extensions, poor internet connection, or high server traffic during peak hours.","Performance issues are monitored via server load dashboards in real time."
"51","technical_support","How do I clear my browser cache?","Go to your browser settings, find ""Privacy"" or ""History,"" and select ""Clear Browsing Data,"" making sure cached files are included.","Cached data can cause outdated content to display incorrectly."
"52","technical_support","I'm getting a ""500 Internal Server Error."" What does that mean?","This indicates a temporary server-side issue; please try again in a few minutes or contact support if it persists.","500 errors are logged automatically and reviewed by the engineering team."
"53","technical_support","Why can't I upload files larger than 10MB?","The platform has a 10MB file size limit per upload to ensure consistent performance across all users.","File size limits are enforced server-side to prevent storage overload."
"54","technical_support","How do I enable notifications on the mobile app?","Go to your phone's Settings > Apps > [App Name] > Notifications and toggle them on, then check in-app notification settings too.","Notification permissions must be enabled both at the OS and app level."
"55","technical_support","Why is the dashboard showing incorrect data?","This can occur due to caching delays; data usually syncs correctly within 15 minutes, or you can force a refresh.","Dashboard data syncs on a scheduled interval from the backend database."
"56","technical_support","Can I use the platform offline?","Limited offline functionality is available on the mobile app, but changes will sync once you're back online.","Offline mode stores changes locally until connectivity is restored."
"57","product_info","What file formats does the platform support?","We support CSV, XLSX, PDF, and JSON file formats for both import and export.","Supported formats are listed under Settings > Import/Export Options."
"58","product_info","Is there a mobile app available?","Yes, the app is available for both iOS and Android and can be downloaded from the respective app stores.","The mobile app mirrors most core features of the web platform."
"59","product_info","Does the product integrate with Slack?","Yes, Slack integration is available under Settings > Integrations and allows real-time notifications in your workspace.","Integrations are managed through OAuth-based connections for security."
"60","product_info","What languages does the platform support?","The platform currently supports English, Spanish, French, German, and Japanese, with more languages planned.","Language settings can be changed under Account Settings > Preferences."
"61","product_info","Is my data encrypted?","Yes, all data is encrypted in transit using TLS and at rest using AES-256 encryption.","Encryption standards meet industry compliance requirements for data protection."
"62","product_info","Can I export my data if I cancel my account?","Yes, you can export all your data in CSV or JSON format anytime before or after cancellation, within 30 days.","Data export remains available during the 30-day post-cancellation retention period."
"63","product_info","Does the platform have an API?","Yes, a REST API is available for developers, with documentation found under Settings > Developer > API Keys.","API access requires generating a personal access key from account settings."
"64","billing","Why does my invoice show a different currency than expected?","Invoices display the currency selected during signup; you can change your billing currency under Billing > Preferences.","Currency settings are locked to region unless manually updated by the user."
"65","billing","Can I split payment between two cards?","Currently, only a single payment method can be used per transaction; split payments are not supported.","Payment processing is limited to one card or method per checkout session."
"66","billing","How do I remove an old payment method?","Go to Billing > Payment Methods, select the old card, and click ""Remove,"" provided it isn't your only active method.","At least one active payment method must remain on file for subscriptions."
"67","account","Why did I receive an email saying my account was accessed from a new device?","This is a security notification triggered whenever login occurs from an unrecognized device or location.","New-device alerts help users detect unauthorized account access quickly."
"68","account","How do I change my account's time zone?","Go to Account Settings > Preferences and select your time zone from the dropdown menu to update all timestamps.","Time zone settings affect how dates and times are displayed platform-wide."
"69","orders","Can I use multiple discount codes on one order?","Only one discount code can be applied per order, and it will be applied automatically at checkout.","Discount code stacking is disabled to maintain consistent promotional pricing."
"70","orders","What payment methods do you accept for orders?","We accept Visa, Mastercard, American Express, PayPal, and Apple Pay for all orders.","Accepted payment methods are displayed at checkout based on your region."
"71","refunds","Do you refund shipping costs?","Shipping costs are refunded only if the return is due to our error, such as a wrong or damaged item.","Standard returns for buyer's remorse do not include shipping cost refunds."
"72","refunds","How do I initiate a return for a refund?","Go to Order History, select the item, and click ""Start Return"" to receive a prepaid shipping label.","Return requests must be initiated within 14 days of delivery for eligibility."
"73","shipping","Can I schedule a specific delivery date?","Scheduled delivery is available for select regions at checkout, shown as an option if eligible.","Scheduled delivery depends on carrier availability in the destination zip code."
"74","shipping","What do I do if my package arrives damaged?","Take photos of the damaged item and packaging, then submit a claim through Support within 48 hours of delivery.","Damage claims require photo evidence for carrier insurance processing."
"75","login","How do I recover my account if I forgot my registered email?","Contact support with your name, approximate signup date, and any order numbers so we can help locate your account.","Account recovery without email access requires manual identity verification."
"76","login","Is there a limit to how many devices I can be logged in on?","You can be logged in on up to 5 devices simultaneously; logging in on a 6th will sign out the oldest session.","Device session limits prevent unauthorized account sharing."
"77","subscription","What happens to my subscription if my payment method expires?","You'll receive an email reminder before expiration, and if not updated, your subscription will pause until payment is resolved.","Expiration reminders are sent 7 days before the card's expiry date."
"78","subscription","Can I gift a subscription to someone else?","Yes, gift subscriptions can be purchased on the pricing page and sent via email with redemption instructions.","Gift subscriptions are activated once the recipient redeems the emailed code."
"79","technical_support","Why am I not receiving verification emails?","Check your spam folder first; if not found, ensure your email provider isn't blocking our domain, or request a resend after 5 minutes.","Verification emails can be delayed by spam filters or provider rate limits."
"80","technical_support","How do I report a bug I found?","Use the ""Report a Bug"" option in the Help menu, including steps to reproduce the issue and any screenshots.","Bug reports are routed directly to the engineering team's tracking system."
"81","product_info","Does the platform support dark mode?","Yes, dark mode can be enabled under Account Settings > Appearance and syncs across all your devices.","Appearance settings are stored per user profile, not per device."
"82","product_info","What's the maximum number of team members I can add?","Team member limits depend on your plan: 5 for Pro, 20 for Premium, and unlimited for Enterprise.","Team limits are enforced at the account level based on subscription tier."
"83","account","How do I change my account's linked phone number?","Go to Account Settings > Security, select ""Edit Phone Number,"" and verify the new number via SMS code.","Phone number changes require SMS verification to prevent account hijacking."
"84","billing","Why am I being billed in advance for next month?","Subscriptions are billed in advance at the start of each cycle to ensure uninterrupted service access.","Advance billing is standard practice for subscription-based services."
"85","orders","Can I add a gift message to my order?","Yes, you can add a gift message during checkout under the ""Gift Options"" section before completing your purchase.","Gift messages are printed on a separate slip, not the invoice, to hide pricing."
"86","refunds","Why does my refund amount differ from what I paid?","Refund amounts may be adjusted for used services, non-refundable fees, or currency conversion differences.","Partial usage and processing fees can reduce the final refunded amount."
"87","shipping","Do you offer local pickup instead of shipping?","Local pickup is available at select warehouse locations, selectable at checkout if you're within range.","Local pickup availability is determined by proximity to fulfillment centers."
"88","login","Why am I asked to verify my identity every time I log in?","This may happen if you've disabled ""Remember this device"" or are logging in from a new IP address frequently.","Repeated verification is a security measure for accounts flagged as high-risk."
"89","subscription","Can I switch plans more than once a month?","Yes, there's no limit to how often you switch plans, though each change is prorated based on usage.","Frequent plan switching is allowed but may result in multiple small charges."
"90","technical_support","Why does the app show ""No Internet Connection"" when I'm connected?","This can happen if the app's servers are temporarily unreachable; check our status page or restart the app.","Connectivity errors are distinct from actual device internet issues."
"91","product_info","Is there a limit on storage space for my account?","Storage limits vary by plan: 5GB for Free, 100GB for Pro, and 1TB for Premium accounts.","Storage usage can be monitored under Account Settings > Storage."
"92","account","How do I opt out of marketing emails?","Click ""Unsubscribe"" at the bottom of any marketing email, or disable them under Account Settings > Notifications.","Transactional emails like receipts are not affected by marketing opt-out."
"93","billing","What is a ""pending"" charge on my statement?","A pending charge is an authorization hold that will either finalize or drop off within 3-5 business days.","Pending charges are common with card pre-authorization for subscription verification."
"94","orders","Why was my order cancelled automatically?","Orders are auto-cancelled if payment fails verification or if the item goes out of stock before processing.","Automatic cancellations trigger an immediate refund to the original payment method."
"95","refunds","Can I get a refund in a different currency than I paid?","Refunds are issued in the original currency and payment method used for the purchase, per processor rules.","Currency conversion for refunds follows the payment processor's exchange policy."
"96","shipping","How do I add special delivery instructions?","Enter delivery instructions in the ""Notes for Courier"" field during checkout, which is passed to the shipping carrier.","Special instructions are visible to carriers but not guaranteed to be followed."
"97","login","Can I use the same account on web and mobile simultaneously?","Yes, your account syncs across web and mobile, and you can be logged in on both at the same time.","Cross-platform sessions are synced in real time via the backend account system."
"98","subscription","Is there a student discount available?","Yes, students with a valid .edu email can get 20% off by verifying their status under Billing > Student Discount.","Student verification is handled through a third-party education verification service."
"99","technical_support","Why do images fail to load on the platform?","This is often caused by ad blockers or browser extensions blocking image scripts; try disabling them temporarily.","Image loading issues are frequently linked to third-party browser extensions."
"100","product_info","Does the platform offer accessibility features for visually impaired users?","Yes, we support screen readers, keyboard navigation, and adjustable text sizing to meet WCAG 2.1 accessibility standards.","Accessibility compliance is tested regularly against WCAG guidelines."
